Residue_Number,Residue_Name,Window,Hydropathy_Cutoff,Minimum_Blob_Length,blob_length,Normalized_Mean_Blob_Hydropathy,Min_Blob_Hydropathy,Blob_Type,Blob_Index_Number,Blob_Das-Pappu_Class,Blob_NCPR,Fraction_of_Positively_Charged_Residues,Fraction_of_Negatively_Charged_Residues,Fraction_of_Charged_Residues,Uversky_Diagram_Score,dSNP_enrichment,Blob_Disorder,Normalized_Kyte-Doolittle_hydropathy,Kyte-Doolittle_hydropathy
1,K,3,0.4,4.0,5,0.5,0.0,h,h1Â,5,0.4,0.4,0.0,0.4,0.1,0.0,0.0,0.1,-3.9
2,V,3,0.4,4.0,5,0.5,0.0,h,h1Â,5,0.4,0.4,0.0,0.4,0.1,0.0,0.0,1.0,4.2
3,F,3,0.4,4.0,5,0.5,0.0,h,h1Â,5,0.4,0.4,0.0,0.4,0.1,0.0,0.0,0.8,2.8
4,G,3,0.4,4.0,5,0.5,0.0,h,h1Â,5,0.4,0.4,0.0,0.4,0.1,0.0,0.0,0.5,-0.4
5,R,3,0.4,4.0,5,0.5,0.0,h,h1Â,5,0.4,0.4,0.0,0.4,0.1,0.0,0.0,0.0,-4.5
6,C,3,0.4,4.0,1,0.8,0.8,s,s1,1,0.0,0.0,0.0,0.0,-0.3,0.0,0.0,0.8,2.5
7,E,3,0.4,4.0,6,0.6,0.1,h,h1Ã,1,-0.2,0.0,0.2,0.2,-0.2,0.8,0.0,0.1,-3.5
8,L,3,0.4,4.0,6,0.6,0.1,h,h1Ã,1,-0.2,0.0,0.2,0.2,-0.2,0.8,0.0,0.9,3.8
9,A,3,0.4,4.0,6,0.6,0.1,h,h1Ã,1,-0.2,0.0,0.2,0.2,-0.2,0.8,0.0,0.7,1.8
10,A,3,0.4,4.0,6,0.6,0.1,h,h1Ã,1,-0.2,0.0,0.2,0.2,-0.2,0.8,0.0,0.7,1.8
11,A,3,0.4,4.0,6,0.6,0.1,h,h1Ã,1,-0.2,0.0,0.2,0.2,-0.2,0.8,0.0,0.7,1.8
12,M,3,0.4,4.0,6,0.6,0.1,h,h1Ã,1,-0.2,0.0,0.2,0.2,-0.2,0.8,0.0,0.7,1.9
13,K,3,0.4,4.0,10,0.3,0.0,p,p1,3,0.2,0.3,0.1,0.4,0.2,0.0,0.0,0.1,-3.9
14,R,3,0.4,4.0,10,0.3,0.0,p,p1,3,0.2,0.3,0.1,0.4,0.2,0.0,0.0,0.0,-4.5
15,H,3,0.4,4.0,10,0.3,0.0,p,p1,3,0.2,0.3,0.1,0.4,0.2,0.0,0.0,0.1,-3.2
16,G,3,0.4,4.0,10,0.3,0.0,p,p1,3,0.2,0.3,0.1,0.4,0.2,0.0,0.0,0.5,-0.4
17,L,3,0.4,4.0,10,0.3,0.0,p,p1,3,0.2,0.3,0.1,0.4,0.2,0.0,0.0,0.9,3.8
18,D,3,0.4,4.0,10,0.3,0.0,p,p1,3,0.2,0.3,0.1,0.4,0.2,0.0,0.0,0.1,-3.5
19,N,3,0.4,4.0,10,0.3,0.0,p,p1,3,0.2,0.3,0.1,0.4,0.2,0.0,0.0,0.1,-3.5
20,Y,3,0.4,4.0,10,0.3,0.0,p,p1,3,0.2,0.3,0.1,0.4,0.2,0.0,0.0,0.4,-1.3
21,R,3,0.4,4.0,10,0.3,0.0,p,p1,3,0.2,0.3,0.1,0.4,0.2,0.0,0.0,0.0,-4.5
22,G,3,0.4,4.0,10,0.3,0.0,p,p1,3,0.2,0.3,0.1,0.4,0.2,0.0,0.0,0.5,-0.4
23,Y,3,0.4,4.0,4,0.5,0.4,h,h2a,1,0.0,0.0,0.0,0.0,-0.1,0.9,0.0,0.4,-1.3
24,S,3,0.4,4.0,4,0.5,0.4,h,h2a,1,0.0,0.0,0.0,0.0,-0.1,0.9,0.0,0.4,-0.8
25,L,3,0.4,4.0,4,0.5,0.4,h,h2a,1,0.0,0.0,0.0,0.0,-0.1,0.9,0.0,0.9,3.8
26,G,3,0.4,4.0,4,0.5,0.4,h,h2a,1,0.0,0.0,0.0,0.0,-0.1,0.9,0.0,0.5,-0.4
27,N,3,0.4,4.0,1,0.1,0.1,s,s2,1,0.0,0.0,0.0,0.0,0.3,0.0,0.0,0.1,-3.5
28,W,3,0.4,4.0,6,0.6,0.1,h,h2b,1,0.2,0.2,0.0,0.2,-0.1,0.4,0.0,0.4,-0.9
29,V,3,0.4,4.0,6,0.6,0.1,h,h2b,1,0.2,0.2,0.0,0.2,-0.1,0.4,0.0,1.0,4.2
30,C,3,0.4,4.0,6,0.6,0.1,h,h2b,1,0.2,0.2,0.0,0.2,-0.1,0.4,0.0,0.8,2.5
31,A,3,0.4,4.0,6,0.6,0.1,h,h2b,1,0.2,0.2,0.0,0.2,-0.1,0.4,0.0,0.7,1.8
32,A,3,0.4,4.0,6,0.6,0.1,h,h2b,1,0.2,0.2,0.0,0.2,-0.1,0.4,0.0,0.7,1.8
33,K,3,0.4,4.0,6,0.6,0.1,h,h2b,1,0.2,0.2,0.0,0.2,-0.1,0.4,0.0,0.1,-3.9
34,F,3,0.4,4.0,20,0.3,0.0,p,p2,1,-0.1,0.0,0.2,0.2,0.1,0.0,0.0,0.8,2.8
35,E,3,0.4,4.0,20,0.3,0.0,p,p2,1,-0.1,0.0,0.2,0.2,0.1,0.0,0.0,0.1,-3.5
36,S,3,0.4,4.0,20,0.3,0.0,p,p2,1,-0.1,0.0,0.2,0.2,0.1,0.0,0.0,0.4,-0.8
37,N,3,0.4,4.0,20,0.3,0.0,p,p2,1,-0.1,0.0,0.2,0.2,0.1,0.0,0.0,0.1,-3.5
38,F,3,0.4,4.0,20,0.3,0.0,p,p2,1,-0.1,0.0,0.2,0.2,0.1,0.0,0.0,0.8,2.8
39,N,3,0.4,4.0,20,0.3,0.0,p,p2,1,-0.1,0.0,0.2,0.2,0.1,0.0,0.0,0.1,-3.5
40,T,3,0.4,4.0,20,0.3,0.0,p,p2,1,-0.1,0.0,0.2,0.2,0.1,0.0,0.0,0.4,-0.7
41,Q,3,0.4,4.0,20,0.3,0.0,p,p2,1,-0.1,0.0,0.2,0.2,0.1,0.0,0.0,0.1,-3.5
42,A,3,0.4,4.0,20,0.3,0.0,p,p2,1,-0.1,0.0,0.2,0.2,0.1,0.0,0.0,0.7,1.8
43,T,3,0.4,4.0,20,0.3,0.0,p,p2,1,-0.1,0.0,0.2,0.2,0.1,0.0,0.0,0.4,-0.7
44,N,3,0.4,4.0,20,0.3,0.0,p,p2,1,-0.1,0.0,0.2,0.2,0.1,0.0,0.0,0.1,-3.5
45,R,3,0.4,4.0,20,0.3,0.0,p,p2,1,-0.1,0.0,0.2,0.2,0.1,0.0,0.0,0.0,-4.5
46,N,3,0.4,4.0,20,0.3,0.0,p,p2,1,-0.1,0.0,0.2,0.2,0.1,0.0,0.0,0.1,-3.5
47,T,3,0.4,4.0,20,0.3,0.0,p,p2,1,-0.1,0.0,0.2,0.2,0.1,0.0,0.0,0.4,-0.7
48,D,3,0.4,4.0,20,0.3,0.0,p,p2,1,-0.1,0.0,0.2,0.2,0.1,0.0,0.0,0.1,-3.5
49,G,3,0.4,4.0,20,0.3,0.0,p,p2,1,-0.1,0.0,0.2,0.2,0.1,0.0,0.0,0.5,-0.4
50,S,3,0.4,4.0,20,0.3,0.0,p,p2,1,-0.1,0.0,0.2,0.2,0.1,0.0,0.0,0.4,-0.8
51,T,3,0.4,4.0,20,0.3,0.0,p,p2,1,-0.1,0.0,0.2,0.2,0.1,0.0,0.0,0.4,-0.7
52,D,3,0.4,4.0,20,0.3,0.0,p,p2,1,-0.1,0.0,0.2,0.2,0.1,0.0,0.0,0.1,-3.5
53,Y,3,0.4,4.0,20,0.3,0.0,p,p2,1,-0.1,0.0,0.2,0.2,0.1,0.0,0.0,0.4,-1.3
54,G,3,0.4,4.0,6,0.6,0.1,h,h3,1,0.0,0.0,0.0,0.0,-0.2,0.8,0.0,0.5,-0.4
55,I,3,0.4,4.0,6,0.6,0.1,h,h3,1,0.0,0.0,0.0,0.0,-0.2,0.8,0.0,1.0,4.5
56,L,3,0.4,4.0,6,0.6,0.1,h,h3,1,0.0,0.0,0.0,0.0,-0.2,0.8,0.0,0.9,3.8
57,Q,3,0.4,4.0,6,0.6,0.1,h,h3,1,0.0,0.0,0.0,0.0,-0.2,0.8,0.0,0.1,-3.5
58,I,3,0.4,4.0,6,0.6,0.1,h,h3,1,0.0,0.0,0.0,0.0,-0.2,0.8,0.0,1.0,4.5
59,N,3,0.4,4.0,6,0.6,0.1,h,h3,1,0.0,0.0,0.0,0.0,-0.2,0.8,0.0,0.1,-3.5
60,S,3,0.4,4.0,15,0.3,0.0,p,p3,2,0.1,0.2,0.1,0.3,0.2,0.0,0.0,0.4,-0.8
61,R,3,0.4,4.0,15,0.3,0.0,p,p3,2,0.1,0.2,0.1,0.3,0.2,0.0,0.0,0.0,-4.5
62,W,3,0.4,4.0,15,0.3,0.0,p,p3,2,0.1,0.2,0.1,0.3,0.2,0.0,0.0,0.4,-0.9
63,W,3,0.4,4.0,15,0.3,0.0,p,p3,2,0.1,0.2,0.1,0.3,0.2,0.0,0.0,0.4,-0.9
64,C,3,0.4,4.0,15,0.3,0.0,p,p3,2,0.1,0.2,0.1,0.3,0.2,0.0,0.0,0.8,2.5
65,N,3,0.4,4.0,15,0.3,0.0,p,p3,2,0.1,0.2,0.1,0.3,0.2,0.0,0.0,0.1,-3.5
66,D,3,0.4,4.0,15,0.3,0.0,p,p3,2,0.1,0.2,0.1,0.3,0.2,0.0,0.0,0.1,-3.5
67,G,3,0.4,4.0,15,0.3,0.0,p,p3,2,0.1,0.2,0.1,0.3,0.2,0.0,0.0,0.5,-0.4
68,R,3,0.4,4.0,15,0.3,0.0,p,p3,2,0.1,0.2,0.1,0.3,0.2,0.0,0.0,0.0,-4.5
69,T,3,0.4,4.0,15,0.3,0.0,p,p3,2,0.1,0.2,0.1,0.3,0.2,0.0,0.0,0.4,-0.7
70,P,3,0.4,4.0,15,0.3,0.0,p,p3,2,0.1,0.2,0.1,0.3,0.2,0.0,0.0,0.3,-1.6
71,G,3,0.4,4.0,15,0.3,0.0,p,p3,2,0.1,0.2,0.1,0.3,0.2,0.0,0.0,0.5,-0.4
72,S,3,0.4,4.0,15,0.3,0.0,p,p3,2,0.1,0.2,0.1,0.3,0.2,0.0,0.0,0.4,-0.8
73,R,3,0.4,4.0,15,0.3,0.0,p,p3,2,0.1,0.2,0.1,0.3,0.2,0.0,0.0,0.0,-4.5
74,N,3,0.4,4.0,15,0.3,0.0,p,p3,2,0.1,0.2,0.1,0.3,0.2,0.0,0.0,0.1,-3.5
75,L,3,0.4,4.0,11,0.7,0.1,h,h4a,1,0.0,0.0,0.0,0.0,-0.2,0.7,0.0,0.9,3.8
76,C,3,0.4,4.0,11,0.7,0.1,h,h4a,1,0.0,0.0,0.0,0.0,-0.2,0.7,0.0,0.8,2.5
77,N,3,0.4,4.0,11,0.7,0.1,h,h4a,1,0.0,0.0,0.0,0.0,-0.2,0.7,0.0,0.1,-3.5
78,I,3,0.4,4.0,11,0.7,0.1,h,h4a,1,0.0,0.0,0.0,0.0,-0.2,0.7,0.0,1.0,4.5
79,P,3,0.4,4.0,11,0.7,0.1,h,h4a,1,0.0,0.0,0.0,0.0,-0.2,0.7,0.0,0.3,-1.6
80,C,3,0.4,4.0,11,0.7,0.1,h,h4a,1,0.0,0.0,0.0,0.0,-0.2,0.7,0.0,0.8,2.5
81,S,3,0.4,4.0,11,0.7,0.1,h,h4a,1,0.0,0.0,0.0,0.0,-0.2,0.7,0.0,0.4,-0.8
82,A,3,0.4,4.0,11,0.7,0.1,h,h4a,1,0.0,0.0,0.0,0.0,-0.2,0.7,0.0,0.7,1.8
83,L,3,0.4,4.0,11,0.7,0.1,h,h4a,1,0.0,0.0,0.0,0.0,-0.2,0.7,0.0,0.9,3.8
84,L,3,0.4,4.0,11,0.7,0.1,h,h4a,1,0.0,0.0,0.0,0.0,-0.2,0.7,0.0,0.9,3.8
85,S,3,0.4,4.0,11,0.7,0.1,h,h4a,1,0.0,0.0,0.0,0.0,-0.2,0.7,0.0,0.4,-0.8
86,S,3,0.4,4.0,1,0.4,0.4,s,s3,1,0.0,0.0,0.0,0.0,0.0,0.0,0.0,0.4,-0.8
87,D,3,0.4,4.0,9,0.6,0.1,h,h4b,1,-0.1,0.0,0.1,0.1,-0.1,0.6,0.0,0.1,-3.5
88,I,3,0.4,4.0,9,0.6,0.1,h,h4b,1,-0.1,0.0,0.1,0.1,-0.1,0.6,0.0,1.0,4.5
89,T,3,0.4,4.0,9,0.6,0.1,h,h4b,1,-0.1,0.0,0.1,0.1,-0.1,0.6,0.0,0.4,-0.7
90,A,3,0.4,4.0,9,0.6,0.1,h,h4b,1,-0.1,0.0,0.1,0.1,-0.1,0.6,0.0,0.7,1.8
91,S,3,0.4,4.0,9,0.6,0.1,h,h4b,1,-0.1,0.0,0.1,0.1,-0.1,0.6,0.0,0.4,-0.8
92,V,3,0.4,4.0,9,0.6,0.1,h,h4b,1,-0.1,0.0,0.1,0.1,-0.1,0.6,0.0,1.0,4.2
93,N,3,0.4,4.0,9,0.6,0.1,h,h4b,1,-0.1,0.0,0.1,0.1,-0.1,0.6,0.0,0.1,-3.5
94,C,3,0.4,4.0,9,0.6,0.1,h,h4b,1,-0.1,0.0,0.1,0.1,-0.1,0.6,0.0,0.8,2.5
95,A,3,0.4,4.0,9,0.6,0.1,h,h4b,1,-0.1,0.0,0.1,0.1,-0.1,0.6,0.0,0.7,1.8
96,K,3,0.4,4.0,8,0.4,0.1,p,p4,3,0.1,0.2,0.1,0.4,0.1,0.0,0.0,0.1,-3.9
97,K,3,0.4,4.0,8,0.4,0.1,p,p4,3,0.1,0.2,0.1,0.4,0.1,0.0,0.0,0.1,-3.9
98,I,3,0.4,4.0,8,0.4,0.1,p,p4,3,0.1,0.2,0.1,0.4,0.1,0.0,0.0,1.0,4.5
99,V,3,0.4,4.0,8,0.4,0.1,p,p4,3,0.1,0.2,0.1,0.4,0.1,0.0,0.0,1.0,4.2
100,S,3,0.4,4.0,8,0.4,0.1,p,p4,3,0.1,0.2,0.1,0.4,0.1,0.0,0.0,0.4,-0.8
101,D,3,0.4,4.0,8,0.4,0.1,p,p4,3,0.1,0.2,0.1,0.4,0.1,0.0,0.0,0.1,-3.5
102,G,3,0.4,4.0,8,0.4,0.1,p,p4,3,0.1,0.2,0.1,0.4,0.1,0.0,0.0,0.5,-0.4
103,N,3,0.4,4.0,8,0.4,0.1,p,p4,3,0.1,0.2,0.1,0.4,0.1,0.0,0.0,0.1,-3.5
104,G,3,0.4,4.0,7,0.6,0.1,h,h5,1,0.0,0.0,0.0,0.0,-0.2,0.8,0.0,0.5,-0.4
105,M,3,0.4,4.0,7,0.6,0.1,h,h5,1,0.0,0.0,0.0,0.0,-0.2,0.8,0.0,0.7,1.9
106,N,3,0.4,4.0,7,0.6,0.1,h,h5,1,0.0,0.0,0.0,0.0,-0.2,0.8,0.0,0.1,-3.5
107,A,3,0.4,4.0,7,0.6,0.1,h,h5,1,0.0,0.0,0.0,0.0,-0.2,0.8,0.0,0.7,1.8
108,W,3,0.4,4.0,7,0.6,0.1,h,h5,1,0.0,0.0,0.0,0.0,-0.2,0.8,0.0,0.4,-0.9
109,V,3,0.4,4.0,7,0.6,0.1,h,h5,1,0.0,0.0,0.0,0.0,-0.2,0.8,0.0,1.0,4.2
110,A,3,0.4,4.0,7,0.6,0.1,h,h5,1,0.0,0.0,0.0,0.0,-0.2,0.8,0.0,0.7,1.8
111,W,3,0.4,4.0,10,0.3,0.0,p,p5,3,0.2,0.3,0.1,0.4,0.1,0.0,0.0,0.4,-0.9
112,R,3,0.4,4.0,10,0.3,0.0,p,p5,3,0.2,0.3,0.1,0.4,0.1,0.0,0.0,0.0,-4.5
113,N,3,0.4,4.0,10,0.3,0.0,p,p5,3,0.2,0.3,0.1,0.4,0.1,0.0,0.0,0.1,-3.5
114,R,3,0.4,4.0,10,0.3,0.0,p,p5,3,0.2,0.3,0.1,0.4,0.1,0.0,0.0,0.0,-4.5
115,C,3,0.4,4.0,10,0.3,0.0,p,p5,3,0.2,0.3,0.1,0.4,0.1,0.0,0.0,0.8,2.5
116,K,3,0.4,4.0,10,0.3,0.0,p,p5,3,0.2,0.3,0.1,0.4,0.1,0.0,0.0,0.1,-3.9
117,G,3,0.4,4.0,10,0.3,0.0,p,p5,3,0.2,0.3,0.1,0.4,0.1,0.0,0.0,0.5,-0.4
118,T,3,0.4,4.0,10,0.3,0.0,p,p5,3,0.2,0.3,0.1,0.4,0.1,0.0,0.0,0.4,-0.7
119,D,3,0.4,4.0,10,0.3,0.0,p,p5,3,0.2,0.3,0.1,0.4,0.1,0.0,0.0,0.1,-3.5
120,V,3,0.4,4.0,10,0.3,0.0,p,p5,3,0.2,0.3,0.1,0.4,0.1,0.0,0.0,1.0,4.2
121,Q,3,0.4,4.0,9,0.5,0.0,h,h6,1,0.2,0.2,0.0,0.2,0.0,3.9,0.0,0.1,-3.5
122,A,3,0.4,4.0,9,0.5,0.0,h,h6,1,0.2,0.2,0.0,0.2,0.0,3.9,0.0,0.7,1.8
123,W,3,0.4,4.0,9,0.5,0.0,h,h6,1,0.2,0.2,0.0,0.2,0.0,3.9,0.0,0.4,-0.9
124,I,3,0.4,4.0,9,0.5,0.0,h,h6,1,0.2,0.2,0.0,0.2,0.0,3.9,0.0,1.0,4.5
125,R,3,0.4,4.0,9,0.5,0.0,h,h6,1,0.2,0.2,0.0,0.2,0.0,3.9,0.0,0.0,-4.5
126,G,3,0.4,4.0,9,0.5,0.0,h,h6,1,0.2,0.2,0.0,0.2,0.0,3.9,0.0,0.5,-0.4
127,C,3,0.4,4.0,9,0.5,0.0,h,h6,1,0.2,0.2,0.0,0.2,0.0,3.9,0.0,0.8,2.5
128,R,3,0.4,4.0,9,0.5,0.0,h,h6,1,0.2,0.2,0.0,0.2,0.0,3.9,0.0,0.0,-4.5
129,L,3,0.4,4.0,9,0.5,0.0,h,h6,1,0.2,0.2,0.0,0.2,0.0,3.9,0.0,0.9,3.8
